"",".tail",".head"
"1","text1","service orientation"
"2","text104","service orientation"
"3","text107","service orientation"
"4","text125","service orientation"
"5","text126","service orientation"
"6","text140","service orientation"
"7","text157","service orientation"
"8","text171","service orientation"
"9","text181","service orientation"
"10","text185","service orientation"
"11","text186","service orientation"
"12","text187","service orientation"
"13","text188","service orientation"
"14","text189","service orientation"
"15","text190","service orientation"
"16","text191","service orientation"
"17","text192","service orientation"
"18","text199","service orientation"
"19","text213","service orientation"
"20","text214","service orientation"
"21","text227","service orientation"
"22","text235","service orientation"
"23","text242","service orientation"
"24","text248","service orientation"
"25","text25","service orientation"
"26","text251","service orientation"
"27","text256","service orientation"
"28","text30","service orientation"
"29","text36","service orientation"
"30","text37","service orientation"
"31","text44","service orientation"
"32","text63","service orientation"
"33","text65","service orientation"
"34","text71","service orientation"
"35","text78","service orientation"
"36","text8","service orientation"
"37","text80","service orientation"
"38","text1","active listening"
"39","text100","active listening"
"40","text102","active listening"
"41","text106","active listening"
"42","text107","active listening"
"43","text108","active listening"
"44","text109","active listening"
"45","text110","active listening"
"46","text111","active listening"
"47","text112","active listening"
"48","text113","active listening"
"49","text114","active listening"
"50","text115","active listening"
"51","text116","active listening"
"52","text117","active listening"
"53","text118","active listening"
"54","text119","active listening"
"55","text12","active listening"
"56","text120","active listening"
"57","text121","active listening"
"58","text122","active listening"
"59","text123","active listening"
"60","text124","active listening"
"61","text125","active listening"
"62","text127","active listening"
"63","text129","active listening"
"64","text131","active listening"
"65","text134","active listening"
"66","text135","active listening"
"67","text140","active listening"
"68","text141","active listening"
"69","text143","active listening"
"70","text144","active listening"
"71","text148","active listening"
"72","text149","active listening"
"73","text15","active listening"
"74","text151","active listening"
"75","text152","active listening"
"76","text153","active listening"
"77","text157","active listening"
"78","text158","active listening"
"79","text159","active listening"
"80","text16","active listening"
"81","text162","active listening"
"82","text163","active listening"
"83","text165","active listening"
"84","text17","active listening"
"85","text170","active listening"
"86","text171","active listening"
"87","text18","active listening"
"88","text180","active listening"
"89","text187","active listening"
"90","text188","active listening"
"91","text196","active listening"
"92","text197","active listening"
"93","text199","active listening"
"94","text200","active listening"
"95","text202","active listening"
"96","text205","active listening"
"97","text206","active listening"
"98","text208","active listening"
"99","text212","active listening"
"100","text214","active listening"
"101","text217","active listening"
"102","text22","active listening"
"103","text220","active listening"
"104","text221","active listening"
"105","text222","active listening"
"106","text223","active listening"
"107","text224","active listening"
"108","text228","active listening"
"109","text229","active listening"
"110","text230","active listening"
"111","text231","active listening"
"112","text232","active listening"
"113","text233","active listening"
"114","text235","active listening"
"115","text239","active listening"
"116","text24","active listening"
"117","text242","active listening"
"118","text244","active listening"
"119","text248","active listening"
"120","text25","active listening"
"121","text250","active listening"
"122","text253","active listening"
"123","text255","active listening"
"124","text256","active listening"
"125","text259","active listening"
"126","text26","active listening"
"127","text261","active listening"
"128","text28","active listening"
"129","text32","active listening"
"130","text34","active listening"
"131","text36","active listening"
"132","text37","active listening"
"133","text38","active listening"
"134","text4","active listening"
"135","text40","active listening"
"136","text41","active listening"
"137","text43","active listening"
"138","text45","active listening"
"139","text46","active listening"
"140","text48","active listening"
"141","text5","active listening"
"142","text51","active listening"
"143","text54","active listening"
"144","text55","active listening"
"145","text56","active listening"
"146","text57","active listening"
"147","text58","active listening"
"148","text6","active listening"
"149","text60","active listening"
"150","text61","active listening"
"151","text62","active listening"
"152","text63","active listening"
"153","text64","active listening"
"154","text65","active listening"
"155","text66","active listening"
"156","text67","active listening"
"157","text68","active listening"
"158","text69","active listening"
"159","text70","active listening"
"160","text80","active listening"
"161","text86","active listening"
"162","text87","active listening"
"163","text89","active listening"
"164","text9","active listening"
"165","text90","active listening"
"166","text91","active listening"
"167","text92","active listening"
"168","text94","active listening"
"169","text95","active listening"
"170","text97","active listening"
"171","text1","innovation"
"172","text10","innovation"
"173","text100","innovation"
"174","text103","innovation"
"175","text105","innovation"
"176","text106","innovation"
"177","text107","innovation"
"178","text108","innovation"
"179","text11","innovation"
"180","text110","innovation"
"181","text111","innovation"
"182","text112","innovation"
"183","text113","innovation"
"184","text114","innovation"
"185","text118","innovation"
"186","text119","innovation"
"187","text120","innovation"
"188","text126","innovation"
"189","text127","innovation"
"190","text129","innovation"
"191","text130","innovation"
"192","text131","innovation"
"193","text133","innovation"
"194","text135","innovation"
"195","text137","innovation"
"196","text140","innovation"
"197","text15","innovation"
"198","text151","innovation"
"199","text152","innovation"
"200","text153","innovation"
"201","text154","innovation"
"202","text157","innovation"
"203","text158","innovation"
"204","text16","innovation"
"205","text161","innovation"
"206","text167","innovation"
"207","text168","innovation"
"208","text169","innovation"
"209","text171","innovation"
"210","text172","innovation"
"211","text173","innovation"
"212","text179","innovation"
"213","text180","innovation"
"214","text181","innovation"
"215","text185","innovation"
"216","text187","innovation"
"217","text188","innovation"
"218","text189","innovation"
"219","text190","innovation"
"220","text191","innovation"
"221","text192","innovation"
"222","text193","innovation"
"223","text196","innovation"
"224","text197","innovation"
"225","text198","innovation"
"226","text201","innovation"
"227","text205","innovation"
"228","text206","innovation"
"229","text207","innovation"
"230","text21","innovation"
"231","text212","innovation"
"232","text214","innovation"
"233","text215","innovation"
"234","text221","innovation"
"235","text222","innovation"
"236","text224","innovation"
"237","text228","innovation"
"238","text230","innovation"
"239","text232","innovation"
"240","text233","innovation"
"241","text235","innovation"
"242","text236","innovation"
"243","text237","innovation"
"244","text239","innovation"
"245","text24","innovation"
"246","text240","innovation"
"247","text242","innovation"
"248","text244","innovation"
"249","text248","innovation"
"250","text249","innovation"
"251","text25","innovation"
"252","text254","innovation"
"253","text255","innovation"
"254","text256","innovation"
"255","text258","innovation"
"256","text260","innovation"
"257","text29","innovation"
"258","text3","innovation"
"259","text30","innovation"
"260","text31","innovation"
"261","text32","innovation"
"262","text33","innovation"
"263","text35","innovation"
"264","text36","innovation"
"265","text37","innovation"
"266","text38","innovation"
"267","text39","innovation"
"268","text43","innovation"
"269","text45","innovation"
"270","text46","innovation"
"271","text5","innovation"
"272","text50","innovation"
"273","text51","innovation"
"274","text54","innovation"
"275","text56","innovation"
"276","text57","innovation"
"277","text6","innovation"
"278","text60","innovation"
"279","text62","innovation"
"280","text65","innovation"
"281","text67","innovation"
"282","text68","innovation"
"283","text69","innovation"
"284","text70","innovation"
"285","text73","innovation"
"286","text74","innovation"
"287","text77","innovation"
"288","text78","innovation"
"289","text79","innovation"
"290","text8","innovation"
"291","text9","innovation"
"292","text90","innovation"
"293","text91","innovation"
"294","text97","innovation"
"295","text98","innovation"
"296","text1","creativity"
"297","text107","creativity"
"298","text108","creativity"
"299","text11","creativity"
"300","text118","creativity"
"301","text120","creativity"
"302","text126","creativity"
"303","text127","creativity"
"304","text135","creativity"
"305","text137","creativity"
"306","text141","creativity"
"307","text148","creativity"
"308","text151","creativity"
"309","text152","creativity"
"310","text154","creativity"
"311","text159","creativity"
"312","text16","creativity"
"313","text171","creativity"
"314","text173","creativity"
"315","text180","creativity"
"316","text185","creativity"
"317","text186","creativity"
"318","text194","creativity"
"319","text196","creativity"
"320","text197","creativity"
"321","text198","creativity"
"322","text205","creativity"
"323","text212","creativity"
"324","text224","creativity"
"325","text233","creativity"
"326","text236","creativity"
"327","text237","creativity"
"328","text239","creativity"
"329","text242","creativity"
"330","text244","creativity"
"331","text245","creativity"
"332","text248","creativity"
"333","text254","creativity"
"334","text29","creativity"
"335","text31","creativity"
"336","text33","creativity"
"337","text36","creativity"
"338","text37","creativity"
"339","text38","creativity"
"340","text45","creativity"
"341","text46","creativity"
"342","text5","creativity"
"343","text59","creativity"
"344","text60","creativity"
"345","text65","creativity"
"346","text67","creativity"
"347","text70","creativity"
"348","text77","creativity"
"349","text78","creativity"
"350","text79","creativity"
"351","text9","creativity"
"352","text90","creativity"
"353","text91","creativity"
"354","text96","creativity"
"355","text98","creativity"
"356","text1","marketing strategies design"
"357","text10","marketing strategies design"
"358","text100","marketing strategies design"
"359","text101","marketing strategies design"
"360","text102","marketing strategies design"
"361","text103","marketing strategies design"
"362","text104","marketing strategies design"
"363","text105","marketing strategies design"
"364","text106","marketing strategies design"
"365","text107","marketing strategies design"
"366","text108","marketing strategies design"
"367","text109","marketing strategies design"
"368","text110","marketing strategies design"
"369","text111","marketing strategies design"
"370","text112","marketing strategies design"
"371","text113","marketing strategies design"
"372","text114","marketing strategies design"
"373","text115","marketing strategies design"
"374","text117","marketing strategies design"
"375","text118","marketing strategies design"
"376","text119","marketing strategies design"
"377","text120","marketing strategies design"
"378","text121","marketing strategies design"
"379","text123","marketing strategies design"
"380","text125","marketing strategies design"
"381","text126","marketing strategies design"
"382","text127","marketing strategies design"
"383","text129","marketing strategies design"
"384","text13","marketing strategies design"
"385","text131","marketing strategies design"
"386","text133","marketing strategies design"
"387","text135","marketing strategies design"
"388","text136","marketing strategies design"
"389","text137","marketing strategies design"
"390","text138","marketing strategies design"
"391","text14","marketing strategies design"
"392","text140","marketing strategies design"
"393","text141","marketing strategies design"
"394","text143","marketing strategies design"
"395","text144","marketing strategies design"
"396","text145","marketing strategies design"
"397","text146","marketing strategies design"
"398","text148","marketing strategies design"
"399","text149","marketing strategies design"
"400","text15","marketing strategies design"
"401","text150","marketing strategies design"
"402","text151","marketing strategies design"
"403","text152","marketing strategies design"
"404","text153","marketing strategies design"
"405","text155","marketing strategies design"
"406","text156","marketing strategies design"
"407","text157","marketing strategies design"
"408","text158","marketing strategies design"
"409","text159","marketing strategies design"
"410","text16","marketing strategies design"
"411","text160","marketing strategies design"
"412","text161","marketing strategies design"
"413","text162","marketing strategies design"
"414","text163","marketing strategies design"
"415","text164","marketing strategies design"
"416","text165","marketing strategies design"
"417","text166","marketing strategies design"
"418","text167","marketing strategies design"
"419","text168","marketing strategies design"
"420","text169","marketing strategies design"
"421","text17","marketing strategies design"
"422","text171","marketing strategies design"
"423","text172","marketing strategies design"
"424","text173","marketing strategies design"
"425","text175","marketing strategies design"
"426","text178","marketing strategies design"
"427","text179","marketing strategies design"
"428","text18","marketing strategies design"
"429","text180","marketing strategies design"
"430","text181","marketing strategies design"
"431","text182","marketing strategies design"
"432","text183","marketing strategies design"
"433","text187","marketing strategies design"
"434","text188","marketing strategies design"
"435","text189","marketing strategies design"
"436","text19","marketing strategies design"
"437","text190","marketing strategies design"
"438","text191","marketing strategies design"
"439","text192","marketing strategies design"
"440","text193","marketing strategies design"
"441","text194","marketing strategies design"
"442","text195","marketing strategies design"
"443","text196","marketing strategies design"
"444","text197","marketing strategies design"
"445","text198","marketing strategies design"
"446","text199","marketing strategies design"
"447","text20","marketing strategies design"
"448","text200","marketing strategies design"
"449","text202","marketing strategies design"
"450","text203","marketing strategies design"
"451","text204","marketing strategies design"
"452","text205","marketing strategies design"
"453","text206","marketing strategies design"
"454","text207","marketing strategies design"
"455","text208","marketing strategies design"
"456","text21","marketing strategies design"
"457","text210","marketing strategies design"
"458","text211","marketing strategies design"
"459","text214","marketing strategies design"
"460","text215","marketing strategies design"
"461","text216","marketing strategies design"
"462","text217","marketing strategies design"
"463","text218","marketing strategies design"
"464","text219","marketing strategies design"
"465","text22","marketing strategies design"
"466","text220","marketing strategies design"
"467","text221","marketing strategies design"
"468","text222","marketing strategies design"
"469","text223","marketing strategies design"
"470","text224","marketing strategies design"
"471","text225","marketing strategies design"
"472","text226","marketing strategies design"
"473","text227","marketing strategies design"
"474","text228","marketing strategies design"
"475","text229","marketing strategies design"
"476","text230","marketing strategies design"
"477","text231","marketing strategies design"
"478","text232","marketing strategies design"
"479","text235","marketing strategies design"
"480","text236","marketing strategies design"
"481","text237","marketing strategies design"
"482","text238","marketing strategies design"
"483","text239","marketing strategies design"
"484","text24","marketing strategies design"
"485","text240","marketing strategies design"
"486","text242","marketing strategies design"
"487","text244","marketing strategies design"
"488","text245","marketing strategies design"
"489","text248","marketing strategies design"
"490","text249","marketing strategies design"
"491","text25","marketing strategies design"
"492","text250","marketing strategies design"
"493","text251","marketing strategies design"
"494","text252","marketing strategies design"
"495","text253","marketing strategies design"
"496","text254","marketing strategies design"
"497","text255","marketing strategies design"
"498","text256","marketing strategies design"
"499","text257","marketing strategies design"
"500","text258","marketing strategies design"
"501","text259","marketing strategies design"
"502","text26","marketing strategies design"
"503","text260","marketing strategies design"
"504","text261","marketing strategies design"
"505","text28","marketing strategies design"
"506","text29","marketing strategies design"
"507","text3","marketing strategies design"
"508","text30","marketing strategies design"
"509","text31","marketing strategies design"
"510","text32","marketing strategies design"
"511","text33","marketing strategies design"
"512","text34","marketing strategies design"
"513","text35","marketing strategies design"
"514","text36","marketing strategies design"
"515","text37","marketing strategies design"
"516","text38","marketing strategies design"
"517","text39","marketing strategies design"
"518","text4","marketing strategies design"
"519","text40","marketing strategies design"
"520","text41","marketing strategies design"
"521","text42","marketing strategies design"
"522","text43","marketing strategies design"
"523","text44","marketing strategies design"
"524","text45","marketing strategies design"
"525","text46","marketing strategies design"
"526","text47","marketing strategies design"
"527","text48","marketing strategies design"
"528","text5","marketing strategies design"
"529","text50","marketing strategies design"
"530","text51","marketing strategies design"
"531","text52","marketing strategies design"
"532","text54","marketing strategies design"
"533","text56","marketing strategies design"
"534","text57","marketing strategies design"
"535","text58","marketing strategies design"
"536","text59","marketing strategies design"
"537","text6","marketing strategies design"
"538","text60","marketing strategies design"
"539","text61","marketing strategies design"
"540","text62","marketing strategies design"
"541","text63","marketing strategies design"
"542","text64","marketing strategies design"
"543","text65","marketing strategies design"
"544","text66","marketing strategies design"
"545","text67","marketing strategies design"
"546","text68","marketing strategies design"
"547","text69","marketing strategies design"
"548","text7","marketing strategies design"
"549","text70","marketing strategies design"
"550","text71","marketing strategies design"
"551","text73","marketing strategies design"
"552","text74","marketing strategies design"
"553","text75","marketing strategies design"
"554","text77","marketing strategies design"
"555","text80","marketing strategies design"
"556","text81","marketing strategies design"
"557","text84","marketing strategies design"
"558","text85","marketing strategies design"
"559","text86","marketing strategies design"
"560","text87","marketing strategies design"
"561","text88","marketing strategies design"
"562","text89","marketing strategies design"
"563","text9","marketing strategies design"
"564","text90","marketing strategies design"
"565","text92","marketing strategies design"
"566","text94","marketing strategies design"
"567","text96","marketing strategies design"
"568","text97","marketing strategies design"
"569","text98","marketing strategies design"
"570","text99","marketing strategies design"
"571","text1","supervision and personnel management"
"572","text10","supervision and personnel management"
"573","text100","supervision and personnel management"
"574","text101","supervision and personnel management"
"575","text102","supervision and personnel management"
"576","text103","supervision and personnel management"
"577","text104","supervision and personnel management"
"578","text105","supervision and personnel management"
"579","text106","supervision and personnel management"
"580","text107","supervision and personnel management"
"581","text108","supervision and personnel management"
"582","text109","supervision and personnel management"
"583","text11","supervision and personnel management"
"584","text110","supervision and personnel management"
"585","text111","supervision and personnel management"
"586","text112","supervision and personnel management"
"587","text113","supervision and personnel management"
"588","text114","supervision and personnel management"
"589","text115","supervision and personnel management"
"590","text116","supervision and personnel management"
"591","text117","supervision and personnel management"
"592","text118","supervision and personnel management"
"593","text119","supervision and personnel management"
"594","text12","supervision and personnel management"
"595","text120","supervision and personnel management"
"596","text121","supervision and personnel management"
"597","text122","supervision and personnel management"
"598","text123","supervision and personnel management"
"599","text124","supervision and personnel management"
"600","text127","supervision and personnel management"
"601","text128","supervision and personnel management"
"602","text129","supervision and personnel management"
"603","text13","supervision and personnel management"
"604","text130","supervision and personnel management"
"605","text131","supervision and personnel management"
"606","text132","supervision and personnel management"
"607","text133","supervision and personnel management"
"608","text134","supervision and personnel management"
"609","text135","supervision and personnel management"
"610","text136","supervision and personnel management"
"611","text137","supervision and personnel management"
"612","text138","supervision and personnel management"
"613","text139","supervision and personnel management"
"614","text14","supervision and personnel management"
"615","text140","supervision and personnel management"
"616","text141","supervision and personnel management"
"617","text143","supervision and personnel management"
"618","text144","supervision and personnel management"
"619","text145","supervision and personnel management"
"620","text146","supervision and personnel management"
"621","text148","supervision and personnel management"
"622","text149","supervision and personnel management"
"623","text15","supervision and personnel management"
"624","text150","supervision and personnel management"
"625","text151","supervision and personnel management"
"626","text152","supervision and personnel management"
"627","text153","supervision and personnel management"
"628","text154","supervision and personnel management"
"629","text155","supervision and personnel management"
"630","text156","supervision and personnel management"
"631","text157","supervision and personnel management"
"632","text158","supervision and personnel management"
"633","text159","supervision and personnel management"
"634","text16","supervision and personnel management"
"635","text160","supervision and personnel management"
"636","text161","supervision and personnel management"
"637","text162","supervision and personnel management"
"638","text163","supervision and personnel management"
"639","text164","supervision and personnel management"
"640","text165","supervision and personnel management"
"641","text166","supervision and personnel management"
"642","text167","supervision and personnel management"
"643","text168","supervision and personnel management"
"644","text169","supervision and personnel management"
"645","text17","supervision and personnel management"
"646","text170","supervision and personnel management"
"647","text171","supervision and personnel management"
"648","text172","supervision and personnel management"
"649","text173","supervision and personnel management"
"650","text174","supervision and personnel management"
"651","text175","supervision and personnel management"
"652","text178","supervision and personnel management"
"653","text179","supervision and personnel management"
"654","text180","supervision and personnel management"
"655","text181","supervision and personnel management"
"656","text182","supervision and personnel management"
"657","text184","supervision and personnel management"
"658","text185","supervision and personnel management"
"659","text186","supervision and personnel management"
"660","text187","supervision and personnel management"
"661","text188","supervision and personnel management"
"662","text189","supervision and personnel management"
"663","text19","supervision and personnel management"
"664","text190","supervision and personnel management"
"665","text191","supervision and personnel management"
"666","text192","supervision and personnel management"
"667","text194","supervision and personnel management"
"668","text195","supervision and personnel management"
"669","text196","supervision and personnel management"
"670","text197","supervision and personnel management"
"671","text198","supervision and personnel management"
"672","text199","supervision and personnel management"
"673","text2","supervision and personnel management"
"674","text20","supervision and personnel management"
"675","text200","supervision and personnel management"
"676","text201","supervision and personnel management"
"677","text202","supervision and personnel management"
"678","text203","supervision and personnel management"
"679","text204","supervision and personnel management"
"680","text205","supervision and personnel management"
"681","text206","supervision and personnel management"
"682","text207","supervision and personnel management"
"683","text208","supervision and personnel management"
"684","text21","supervision and personnel management"
"685","text210","supervision and personnel management"
"686","text211","supervision and personnel management"
"687","text212","supervision and personnel management"
"688","text214","supervision and personnel management"
"689","text215","supervision and personnel management"
"690","text216","supervision and personnel management"
"691","text217","supervision and personnel management"
"692","text218","supervision and personnel management"
"693","text22","supervision and personnel management"
"694","text220","supervision and personnel management"
"695","text221","supervision and personnel management"
"696","text222","supervision and personnel management"
"697","text223","supervision and personnel management"
"698","text224","supervision and personnel management"
"699","text226","supervision and personnel management"
"700","text227","supervision and personnel management"
"701","text228","supervision and personnel management"
"702","text229","supervision and personnel management"
"703","text230","supervision and personnel management"
"704","text231","supervision and personnel management"
"705","text232","supervision and personnel management"
"706","text233","supervision and personnel management"
"707","text234","supervision and personnel management"
"708","text235","supervision and personnel management"
"709","text236","supervision and personnel management"
"710","text237","supervision and personnel management"
"711","text238","supervision and personnel management"
"712","text24","supervision and personnel management"
"713","text240","supervision and personnel management"
"714","text241","supervision and personnel management"
"715","text242","supervision and personnel management"
"716","text243","supervision and personnel management"
"717","text244","supervision and personnel management"
"718","text246","supervision and personnel management"
"719","text247","supervision and personnel management"
"720","text248","supervision and personnel management"
"721","text249","supervision and personnel management"
"722","text25","supervision and personnel management"
"723","text250","supervision and personnel management"
"724","text251","supervision and personnel management"
"725","text252","supervision and personnel management"
"726","text253","supervision and personnel management"
"727","text254","supervision and personnel management"
"728","text255","supervision and personnel management"
"729","text256","supervision and personnel management"
"730","text257","supervision and personnel management"
"731","text258","supervision and personnel management"
"732","text259","supervision and personnel management"
"733","text26","supervision and personnel management"
"734","text260","supervision and personnel management"
"735","text261","supervision and personnel management"
"736","text262","supervision and personnel management"
"737","text29","supervision and personnel management"
"738","text3","supervision and personnel management"
"739","text30","supervision and personnel management"
"740","text31","supervision and personnel management"
"741","text32","supervision and personnel management"
"742","text33","supervision and personnel management"
"743","text34","supervision and personnel management"
"744","text35","supervision and personnel management"
"745","text36","supervision and personnel management"
"746","text37","supervision and personnel management"
"747","text38","supervision and personnel management"
"748","text39","supervision and personnel management"
"749","text4","supervision and personnel management"
"750","text40","supervision and personnel management"
"751","text41","supervision and personnel management"
"752","text42","supervision and personnel management"
"753","text43","supervision and personnel management"
"754","text44","supervision and personnel management"
"755","text45","supervision and personnel management"
"756","text46","supervision and personnel management"
"757","text48","supervision and personnel management"
"758","text5","supervision and personnel management"
"759","text50","supervision and personnel management"
"760","text51","supervision and personnel management"
"761","text52","supervision and personnel management"
"762","text53","supervision and personnel management"
"763","text54","supervision and personnel management"
"764","text55","supervision and personnel management"
"765","text56","supervision and personnel management"
"766","text57","supervision and personnel management"
"767","text58","supervision and personnel management"
"768","text59","supervision and personnel management"
"769","text6","supervision and personnel management"
"770","text60","supervision and personnel management"
"771","text61","supervision and personnel management"
"772","text62","supervision and personnel management"
"773","text63","supervision and personnel management"
"774","text64","supervision and personnel management"
"775","text65","supervision and personnel management"
"776","text66","supervision and personnel management"
"777","text67","supervision and personnel management"
"778","text68","supervision and personnel management"
"779","text69","supervision and personnel management"
"780","text7","supervision and personnel management"
"781","text70","supervision and personnel management"
"782","text72","supervision and personnel management"
"783","text73","supervision and personnel management"
"784","text74","supervision and personnel management"
"785","text76","supervision and personnel management"
"786","text77","supervision and personnel management"
"787","text78","supervision and personnel management"
"788","text79","supervision and personnel management"
"789","text80","supervision and personnel management"
"790","text81","supervision and personnel management"
"791","text82","supervision and personnel management"
"792","text83","supervision and personnel management"
"793","text84","supervision and personnel management"
"794","text85","supervision and personnel management"
"795","text86","supervision and personnel management"
"796","text87","supervision and personnel management"
"797","text88","supervision and personnel management"
"798","text89","supervision and personnel management"
"799","text9","supervision and personnel management"
"800","text90","supervision and personnel management"
"801","text91","supervision and personnel management"
"802","text92","supervision and personnel management"
"803","text93","supervision and personnel management"
"804","text94","supervision and personnel management"
"805","text95","supervision and personnel management"
"806","text96","supervision and personnel management"
"807","text97","supervision and personnel management"
"808","text98","supervision and personnel management"
"809","text99","supervision and personnel management"
"810","text10","decision making and judgment"
"811","text100","decision making and judgment"
"812","text101","decision making and judgment"
"813","text102","decision making and judgment"
"814","text104","decision making and judgment"
"815","text105","decision making and judgment"
"816","text106","decision making and judgment"
"817","text107","decision making and judgment"
"818","text108","decision making and judgment"
"819","text11","decision making and judgment"
"820","text110","decision making and judgment"
"821","text111","decision making and judgment"
"822","text112","decision making and judgment"
"823","text113","decision making and judgment"
"824","text114","decision making and judgment"
"825","text115","decision making and judgment"
"826","text116","decision making and judgment"
"827","text117","decision making and judgment"
"828","text118","decision making and judgment"
"829","text119","decision making and judgment"
"830","text12","decision making and judgment"
"831","text120","decision making and judgment"
"832","text121","decision making and judgment"
"833","text122","decision making and judgment"
"834","text123","decision making and judgment"
"835","text124","decision making and judgment"
"836","text126","decision making and judgment"
"837","text127","decision making and judgment"
"838","text128","decision making and judgment"
"839","text129","decision making and judgment"
"840","text13","decision making and judgment"
"841","text130","decision making and judgment"
"842","text131","decision making and judgment"
"843","text132","decision making and judgment"
"844","text133","decision making and judgment"
"845","text134","decision making and judgment"
"846","text135","decision making and judgment"
"847","text136","decision making and judgment"
"848","text137","decision making and judgment"
"849","text138","decision making and judgment"
"850","text139","decision making and judgment"
"851","text140","decision making and judgment"
"852","text141","decision making and judgment"
"853","text143","decision making and judgment"
"854","text144","decision making and judgment"
"855","text145","decision making and judgment"
"856","text146","decision making and judgment"
"857","text148","decision making and judgment"
"858","text149","decision making and judgment"
"859","text15","decision making and judgment"
"860","text150","decision making and judgment"
"861","text151","decision making and judgment"
"862","text152","decision making and judgment"
"863","text155","decision making and judgment"
"864","text156","decision making and judgment"
"865","text157","decision making and judgment"
"866","text158","decision making and judgment"
"867","text159","decision making and judgment"
"868","text16","decision making and judgment"
"869","text161","decision making and judgment"
"870","text162","decision making and judgment"
"871","text163","decision making and judgment"
"872","text164","decision making and judgment"
"873","text165","decision making and judgment"
"874","text166","decision making and judgment"
"875","text167","decision making and judgment"
"876","text168","decision making and judgment"
"877","text169","decision making and judgment"
"878","text17","decision making and judgment"
"879","text170","decision making and judgment"
"880","text171","decision making and judgment"
"881","text172","decision making and judgment"
"882","text173","decision making and judgment"
"883","text174","decision making and judgment"
"884","text176","decision making and judgment"
"885","text179","decision making and judgment"
"886","text18","decision making and judgment"
"887","text180","decision making and judgment"
"888","text185","decision making and judgment"
"889","text186","decision making and judgment"
"890","text187","decision making and judgment"
"891","text188","decision making and judgment"
"892","text189","decision making and judgment"
"893","text19","decision making and judgment"
"894","text190","decision making and judgment"
"895","text191","decision making and judgment"
"896","text192","decision making and judgment"
"897","text194","decision making and judgment"
"898","text195","decision making and judgment"
"899","text196","decision making and judgment"
"900","text197","decision making and judgment"
"901","text198","decision making and judgment"
"902","text199","decision making and judgment"
"903","text20","decision making and judgment"
"904","text200","decision making and judgment"
"905","text201","decision making and judgment"
"906","text202","decision making and judgment"
"907","text205","decision making and judgment"
"908","text206","decision making and judgment"
"909","text207","decision making and judgment"
"910","text208","decision making and judgment"
"911","text21","decision making and judgment"
"912","text210","decision making and judgment"
"913","text211","decision making and judgment"
"914","text212","decision making and judgment"
"915","text213","decision making and judgment"
"916","text214","decision making and judgment"
"917","text215","decision making and judgment"
"918","text218","decision making and judgment"
"919","text22","decision making and judgment"
"920","text220","decision making and judgment"
"921","text221","decision making and judgment"
"922","text222","decision making and judgment"
"923","text223","decision making and judgment"
"924","text224","decision making and judgment"
"925","text226","decision making and judgment"
"926","text227","decision making and judgment"
"927","text228","decision making and judgment"
"928","text229","decision making and judgment"
"929","text230","decision making and judgment"
"930","text231","decision making and judgment"
"931","text232","decision making and judgment"
"932","text233","decision making and judgment"
"933","text235","decision making and judgment"
"934","text236","decision making and judgment"
"935","text238","decision making and judgment"
"936","text239","decision making and judgment"
"937","text24","decision making and judgment"
"938","text240","decision making and judgment"
"939","text244","decision making and judgment"
"940","text245","decision making and judgment"
"941","text248","decision making and judgment"
"942","text25","decision making and judgment"
"943","text250","decision making and judgment"
"944","text251","decision making and judgment"
"945","text252","decision making and judgment"
"946","text253","decision making and judgment"
"947","text254","decision making and judgment"
"948","text255","decision making and judgment"
"949","text256","decision making and judgment"
"950","text258","decision making and judgment"
"951","text26","decision making and judgment"
"952","text260","decision making and judgment"
"953","text261","decision making and judgment"
"954","text262","decision making and judgment"
"955","text263","decision making and judgment"
"956","text28","decision making and judgment"
"957","text29","decision making and judgment"
"958","text3","decision making and judgment"
"959","text30","decision making and judgment"
"960","text31","decision making and judgment"
"961","text34","decision making and judgment"
"962","text35","decision making and judgment"
"963","text36","decision making and judgment"
"964","text37","decision making and judgment"
"965","text38","decision making and judgment"
"966","text39","decision making and judgment"
"967","text4","decision making and judgment"
"968","text40","decision making and judgment"
"969","text41","decision making and judgment"
"970","text42","decision making and judgment"
"971","text43","decision making and judgment"
"972","text45","decision making and judgment"
"973","text46","decision making and judgment"
"974","text47","decision making and judgment"
"975","text48","decision making and judgment"
"976","text5","decision making and judgment"
"977","text51","decision making and judgment"
"978","text52","decision making and judgment"
"979","text54","decision making and judgment"
"980","text55","decision making and judgment"
"981","text56","decision making and judgment"
"982","text57","decision making and judgment"
"983","text58","decision making and judgment"
"984","text59","decision making and judgment"
"985","text60","decision making and judgment"
"986","text61","decision making and judgment"
"987","text62","decision making and judgment"
"988","text63","decision making and judgment"
"989","text64","decision making and judgment"
"990","text65","decision making and judgment"
"991","text66","decision making and judgment"
"992","text67","decision making and judgment"
"993","text68","decision making and judgment"
"994","text69","decision making and judgment"
"995","text7","decision making and judgment"
"996","text70","decision making and judgment"
"997","text72","decision making and judgment"
"998","text73","decision making and judgment"
"999","text74","decision making and judgment"
"1000","text75","decision making and judgment"
"1001","text76","decision making and judgment"
"1002","text77","decision making and judgment"
"1003","text78","decision making and judgment"
"1004","text79","decision making and judgment"
"1005","text81","decision making and judgment"
"1006","text82","decision making and judgment"
"1007","text83","decision making and judgment"
"1008","text84","decision making and judgment"
"1009","text85","decision making and judgment"
"1010","text86","decision making and judgment"
"1011","text87","decision making and judgment"
"1012","text88","decision making and judgment"
"1013","text89","decision making and judgment"
"1014","text9","decision making and judgment"
"1015","text90","decision making and judgment"
"1016","text91","decision making and judgment"
"1017","text93","decision making and judgment"
"1018","text94","decision making and judgment"
"1019","text95","decision making and judgment"
"1020","text96","decision making and judgment"
"1021","text97","decision making and judgment"
"1022","text98","decision making and judgment"
"1023","text99","decision making and judgment"
"1024","text10","coordination"
"1025","text100","coordination"
"1026","text102","coordination"
"1027","text105","coordination"
"1028","text107","coordination"
"1029","text11","coordination"
"1030","text112","coordination"
"1031","text115","coordination"
"1032","text116","coordination"
"1033","text118","coordination"
"1034","text119","coordination"
"1035","text12","coordination"
"1036","text120","coordination"
"1037","text121","coordination"
"1038","text123","coordination"
"1039","text124","coordination"
"1040","text128","coordination"
"1041","text129","coordination"
"1042","text130","coordination"
"1043","text131","coordination"
"1044","text133","coordination"
"1045","text136","coordination"
"1046","text137","coordination"
"1047","text139","coordination"
"1048","text140","coordination"
"1049","text143","coordination"
"1050","text144","coordination"
"1051","text145","coordination"
"1052","text146","coordination"
"1053","text149","coordination"
"1054","text150","coordination"
"1055","text153","coordination"
"1056","text157","coordination"
"1057","text158","coordination"
"1058","text159","coordination"
"1059","text16","coordination"
"1060","text161","coordination"
"1061","text162","coordination"
"1062","text164","coordination"
"1063","text166","coordination"
"1064","text171","coordination"
"1065","text172","coordination"
"1066","text173","coordination"
"1067","text174","coordination"
"1068","text176","coordination"
"1069","text179","coordination"
"1070","text18","coordination"
"1071","text180","coordination"
"1072","text181","coordination"
"1073","text182","coordination"
"1074","text183","coordination"
"1075","text189","coordination"
"1076","text19","coordination"
"1077","text190","coordination"
"1078","text191","coordination"
"1079","text192","coordination"
"1080","text194","coordination"
"1081","text195","coordination"
"1082","text196","coordination"
"1083","text197","coordination"
"1084","text199","coordination"
"1085","text200","coordination"
"1086","text205","coordination"
"1087","text206","coordination"
"1088","text207","coordination"
"1089","text213","coordination"
"1090","text215","coordination"
"1091","text217","coordination"
"1092","text218","coordination"
"1093","text22","coordination"
"1094","text221","coordination"
"1095","text222","coordination"
"1096","text224","coordination"
"1097","text228","coordination"
"1098","text231","coordination"
"1099","text235","coordination"
"1100","text236","coordination"
"1101","text237","coordination"
"1102","text238","coordination"
"1103","text241","coordination"
"1104","text248","coordination"
"1105","text250","coordination"
"1106","text251","coordination"
"1107","text252","coordination"
"1108","text254","coordination"
"1109","text256","coordination"
"1110","text258","coordination"
"1111","text26","coordination"
"1112","text261","coordination"
"1113","text263","coordination"
"1114","text29","coordination"
"1115","text3","coordination"
"1116","text31","coordination"
"1117","text35","coordination"
"1118","text36","coordination"
"1119","text37","coordination"
"1120","text39","coordination"
"1121","text40","coordination"
"1122","text41","coordination"
"1123","text47","coordination"
"1124","text48","coordination"
"1125","text51","coordination"
"1126","text52","coordination"
"1127","text53","coordination"
"1128","text58","coordination"
"1129","text61","coordination"
"1130","text62","coordination"
"1131","text63","coordination"
"1132","text64","coordination"
"1133","text67","coordination"
"1134","text70","coordination"
"1135","text72","coordination"
"1136","text73","coordination"
"1137","text76","coordination"
"1138","text77","coordination"
"1139","text78","coordination"
"1140","text79","coordination"
"1141","text83","coordination"
"1142","text9","coordination"
"1143","text90","coordination"
"1144","text91","coordination"
"1145","text95","coordination"
"1146","text97","coordination"
"1147","text98","coordination"
"1148","text100","critical thinking"
"1149","text101","critical thinking"
"1150","text102","critical thinking"
"1151","text110","critical thinking"
"1152","text116","critical thinking"
"1153","text118","critical thinking"
"1154","text12","critical thinking"
"1155","text120","critical thinking"
"1156","text127","critical thinking"
"1157","text130","critical thinking"
"1158","text132","critical thinking"
"1159","text136","critical thinking"
"1160","text141","critical thinking"
"1161","text152","critical thinking"
"1162","text155","critical thinking"
"1163","text156","critical thinking"
"1164","text158","critical thinking"
"1165","text16","critical thinking"
"1166","text172","critical thinking"
"1167","text173","critical thinking"
"1168","text180","critical thinking"
"1169","text181","critical thinking"
"1170","text186","critical thinking"
"1171","text188","critical thinking"
"1172","text197","critical thinking"
"1173","text202","critical thinking"
"1174","text206","critical thinking"
"1175","text221","critical thinking"
"1176","text222","critical thinking"
"1177","text240","critical thinking"
"1178","text248","critical thinking"
"1179","text25","critical thinking"
"1180","text250","critical thinking"
"1181","text253","critical thinking"
"1182","text261","critical thinking"
"1183","text27","critical thinking"
"1184","text3","critical thinking"
"1185","text31","critical thinking"
"1186","text34","critical thinking"
"1187","text38","critical thinking"
"1188","text4","critical thinking"
"1189","text44","critical thinking"
"1190","text62","critical thinking"
"1191","text63","critical thinking"
"1192","text64","critical thinking"
"1193","text66","critical thinking"
"1194","text67","critical thinking"
"1195","text70","critical thinking"
"1196","text9","critical thinking"
"1197","text91","critical thinking"
"1198","text100","persuasion"
"1199","text102","persuasion"
"1200","text105","persuasion"
"1201","text107","persuasion"
"1202","text11","persuasion"
"1203","text110","persuasion"
"1204","text111","persuasion"
"1205","text113","persuasion"
"1206","text114","persuasion"
"1207","text115","persuasion"
"1208","text116","persuasion"
"1209","text118","persuasion"
"1210","text119","persuasion"
"1211","text12","persuasion"
"1212","text120","persuasion"
"1213","text121","persuasion"
"1214","text128","persuasion"
"1215","text129","persuasion"
"1216","text130","persuasion"
"1217","text131","persuasion"
"1218","text133","persuasion"
"1219","text136","persuasion"
"1220","text139","persuasion"
"1221","text140","persuasion"
"1222","text143","persuasion"
"1223","text144","persuasion"
"1224","text149","persuasion"
"1225","text150","persuasion"
"1226","text158","persuasion"
"1227","text159","persuasion"
"1228","text16","persuasion"
"1229","text161","persuasion"
"1230","text162","persuasion"
"1231","text164","persuasion"
"1232","text171","persuasion"
"1233","text172","persuasion"
"1234","text173","persuasion"
"1235","text176","persuasion"
"1236","text18","persuasion"
"1237","text180","persuasion"
"1238","text189","persuasion"
"1239","text19","persuasion"
"1240","text190","persuasion"
"1241","text191","persuasion"
"1242","text192","persuasion"
"1243","text194","persuasion"
"1244","text195","persuasion"
"1245","text196","persuasion"
"1246","text197","persuasion"
"1247","text199","persuasion"
"1248","text200","persuasion"
"1249","text205","persuasion"
"1250","text206","persuasion"
"1251","text207","persuasion"
"1252","text21","persuasion"
"1253","text213","persuasion"
"1254","text215","persuasion"
"1255","text216","persuasion"
"1256","text218","persuasion"
"1257","text22","persuasion"
"1258","text221","persuasion"
"1259","text224","persuasion"
"1260","text228","persuasion"
"1261","text235","persuasion"
"1262","text236","persuasion"
"1263","text237","persuasion"
"1264","text238","persuasion"
"1265","text248","persuasion"
"1266","text250","persuasion"
"1267","text251","persuasion"
"1268","text252","persuasion"
"1269","text253","persuasion"
"1270","text254","persuasion"
"1271","text256","persuasion"
"1272","text258","persuasion"
"1273","text26","persuasion"
"1274","text261","persuasion"
"1275","text29","persuasion"
"1276","text31","persuasion"
"1277","text40","persuasion"
"1278","text41","persuasion"
"1279","text43","persuasion"
"1280","text47","persuasion"
"1281","text48","persuasion"
"1282","text5","persuasion"
"1283","text51","persuasion"
"1284","text52","persuasion"
"1285","text61","persuasion"
"1286","text62","persuasion"
"1287","text63","persuasion"
"1288","text64","persuasion"
"1289","text70","persuasion"
"1290","text72","persuasion"
"1291","text73","persuasion"
"1292","text77","persuasion"
"1293","text78","persuasion"
"1294","text79","persuasion"
"1295","text81","persuasion"
"1296","text83","persuasion"
"1297","text9","persuasion"
"1298","text91","persuasion"
"1299","text93","persuasion"
"1300","text95","persuasion"
"1301","text97","persuasion"
"1302","text100","solving complex problems"
"1303","text101","solving complex problems"
"1304","text102","solving complex problems"
"1305","text109","solving complex problems"
"1306","text119","solving complex problems"
"1307","text120","solving complex problems"
"1308","text126","solving complex problems"
"1309","text127","solving complex problems"
"1310","text130","solving complex problems"
"1311","text135","solving complex problems"
"1312","text158","solving complex problems"
"1313","text159","solving complex problems"
"1314","text165","solving complex problems"
"1315","text170","solving complex problems"
"1316","text180","solving complex problems"
"1317","text188","solving complex problems"
"1318","text194","solving complex problems"
"1319","text196","solving complex problems"
"1320","text199","solving complex problems"
"1321","text205","solving complex problems"
"1322","text215","solving complex problems"
"1323","text216","solving complex problems"
"1324","text223","solving complex problems"
"1325","text228","solving complex problems"
"1326","text230","solving complex problems"
"1327","text231","solving complex problems"
"1328","text233","solving complex problems"
"1329","text235","solving complex problems"
"1330","text239","solving complex problems"
"1331","text248","solving complex problems"
"1332","text250","solving complex problems"
"1333","text252","solving complex problems"
"1334","text26","solving complex problems"
"1335","text29","solving complex problems"
"1336","text33","solving complex problems"
"1337","text38","solving complex problems"
"1338","text48","solving complex problems"
"1339","text58","solving complex problems"
"1340","text90","solving complex problems"
"1341","text91","solving complex problems"
"1342","text94","solving complex problems"
"1343","text101","oral communication"
"1344","text102","oral communication"
"1345","text104","oral communication"
"1346","text107","oral communication"
"1347","text115","oral communication"
"1348","text118","oral communication"
"1349","text120","oral communication"
"1350","text121","oral communication"
"1351","text122","oral communication"
"1352","text123","oral communication"
"1353","text124","oral communication"
"1354","text16","oral communication"
"1355","text161","oral communication"
"1356","text168","oral communication"
"1357","text17","oral communication"
"1358","text181","oral communication"
"1359","text195","oral communication"
"1360","text22","oral communication"
"1361","text227","oral communication"
"1362","text237","oral communication"
"1363","text242","oral communication"
"1364","text248","oral communication"
"1365","text253","oral communication"
"1366","text263","oral communication"
"1367","text4","oral communication"
"1368","text45","oral communication"
"1369","text46","oral communication"
"1370","text48","oral communication"
"1371","text50","oral communication"
"1372","text54","oral communication"
"1373","text55","oral communication"
"1374","text56","oral communication"
"1375","text70","oral communication"
"1376","text84","oral communication"
"1377","text85","oral communication"
"1378","text86","oral communication"
"1379","text88","oral communication"
"1380","text9","oral communication"
"1381","text91","oral communication"
"1382","text95","oral communication"
"1383","text96","oral communication"
"1384","text105","time management"
"1385","text107","time management"
"1386","text110","time management"
"1387","text115","time management"
"1388","text117","time management"
"1389","text118","time management"
"1390","text119","time management"
"1391","text12","time management"
"1392","text121","time management"
"1393","text122","time management"
"1394","text123","time management"
"1395","text124","time management"
"1396","text127","time management"
"1397","text129","time management"
"1398","text130","time management"
"1399","text131","time management"
"1400","text133","time management"
"1401","text135","time management"
"1402","text137","time management"
"1403","text138","time management"
"1404","text139","time management"
"1405","text14","time management"
"1406","text140","time management"
"1407","text143","time management"
"1408","text149","time management"
"1409","text151","time management"
"1410","text152","time management"
"1411","text157","time management"
"1412","text158","time management"
"1413","text159","time management"
"1414","text16","time management"
"1415","text161","time management"
"1416","text167","time management"
"1417","text168","time management"
"1418","text171","time management"
"1419","text172","time management"
"1420","text173","time management"
"1421","text180","time management"
"1422","text181","time management"
"1423","text186","time management"
"1424","text187","time management"
"1425","text189","time management"
"1426","text190","time management"
"1427","text191","time management"
"1428","text192","time management"
"1429","text194","time management"
"1430","text195","time management"
"1431","text196","time management"
"1432","text197","time management"
"1433","text206","time management"
"1434","text207","time management"
"1435","text213","time management"
"1436","text214","time management"
"1437","text216","time management"
"1438","text217","time management"
"1439","text222","time management"
"1440","text223","time management"
"1441","text229","time management"
"1442","text230","time management"
"1443","text231","time management"
"1444","text235","time management"
"1445","text236","time management"
"1446","text237","time management"
"1447","text238","time management"
"1448","text242","time management"
"1449","text243","time management"
"1450","text248","time management"
"1451","text249","time management"
"1452","text25","time management"
"1453","text250","time management"
"1454","text251","time management"
"1455","text253","time management"
"1456","text254","time management"
"1457","text256","time management"
"1458","text260","time management"
"1459","text263","time management"
"1460","text29","time management"
"1461","text32","time management"
"1462","text35","time management"
"1463","text36","time management"
"1464","text37","time management"
"1465","text39","time management"
"1466","text47","time management"
"1467","text48","time management"
"1468","text5","time management"
"1469","text58","time management"
"1470","text59","time management"
"1471","text6","time management"
"1472","text62","time management"
"1473","text65","time management"
"1474","text66","time management"
"1475","text69","time management"
"1476","text7","time management"
"1477","text70","time management"
"1478","text71","time management"
"1479","text75","time management"
"1480","text79","time management"
"1481","text8","time management"
"1482","text89","time management"
"1483","text9","time management"
"1484","text90","time management"
"1485","text91","time management"
"1486","text97","time management"
"1487","text107","negotiation"
"1488","text130","negotiation"
"1489","text140","negotiation"
"1490","text157","negotiation"
"1491","text171","negotiation"
"1492","text172","negotiation"
"1493","text173","negotiation"
"1494","text206","negotiation"
"1495","text21","negotiation"
"1496","text228","negotiation"
"1497","text48","negotiation"
"1498","text77","negotiation"
"1499","text78","negotiation"
"1500","text107","written communication"
"1501","text173","written communication"
"1502","text198","written communication"
"1503","text199","written communication"
"1504","text207","written communication"
"1505","text256","written communication"
"1506","text35","written communication"
"1507","text38","written communication"
"1508","text39","written communication"
"1509","text60","written communication"
"1510","text62","written communication"
"1511","text80","written communication"
"1512","text90","written communication"
